code,location,registered,envelopes,valid,Občanská demokratická strana,Řád národa - Vlastenecká unie,CESTA ODPOVĚDNÉ SPOLEČNOSTI,Česká str.sociálně demokrat.,Radostné Česko,STAROSTOVÉ A NEZÁVISLÍ,Komunistická str.Čech a Moravy,Strana zelených,"ROZUMNÍ-stop migraci,diktát.EU",Strana svobodných občanů,Blok proti islam.-Obran.domova,Občanská demokratická aliance,Česká pirátská strana,Referendum o Evropské unii,TOP 09,ANO 2011,SPR-Republ.str.Čsl. M.Sládka,Křesť.demokr.unie-Čs.str.lid.,Česká strana národně sociální,REALISTÉ,SPORTOVCI,Dělnic.str.sociální spravedl.,Svob.a př.dem.-T.Okamura (SPD),Strana Práv Občanů
586854,Arnolec,133,96,96,"13,54","0,00","0,00","9,37","0,00","2,08","9,37","0,00","1,04","1,04","0,00","0,00","5,20","0,00","0,00","38,54","0,00","9,37","2,08","0,00","2,08","0,00","6,25","0,00"
586862,Batelov,1925,1244,1238,"7,10","0,00","0,00","6,70","0,24","1,85","10,25","0,88","1,45","0,64","0,00","0,00","11,06","0,00","2,98","32,06","0,64","10,42","0,08","1,69","0,48","0,16","10,90","0,32"
586889,Bílý Kámen,211,156,156,"11,53","0,00","0,00","10,25","0,00","2,56","7,69","0,64","0,00","3,20","0,00","0,00","14,10","0,00","6,41","21,79","0,00","4,48","0,00","3,20","0,00","0,00","14,10","0,00"
586897,Bítovčice,347,209,209,"8,13","0,00","0,00","6,69","0,00","7,65","6,69","0,95","1,91","2,87","0,00","0,00","4,78","0,47","0,95","23,44","0,47","15,78","0,00","0,47","0,95","0,00","17,70","0,00"
586901,Bohuslavice,113,78,77,"15,58","0,00","0,00","3,89","0,00","2,59","5,19","2,59","2,59","0,00","0,00","0,00","18,18","0,00","14,28","7,79","0,00","15,58","0,00","0,00","0,00","1,29","10,38","0,00"
587184,Borovná,65,46,45,"11,11","0,00","0,00","0,00","0,00","8,88","4,44","0,00","0,00","0,00","0,00","0,00","13,33","0,00","0,00","33,33","0,00","13,33","0,00","0,00","0,00","0,00","15,55","0,00"
586927,Boršov,124,90,90,"4,44","0,00","0,00","4,44","0,00","3,33","7,77","0,00","0,00","1,11","0,00","0,00","5,55","0,00","8,88","23,33","0,00","15,55","0,00","0,00","1,11","0,00","23,33","1,11"
586943,Brtnice,3028,1944,1937,"9,60","0,05","0,05","9,70","0,15","3,61","12,13","0,87","0,46","1,13","0,05","0,05","8,98","0,10","2,73","28,34","0,36","10,63","0,05","0,46","0,15","0,20","9,91","0,15"
590371,Brtnička,92,65,64,"1,56","1,56","0,00","12,50","0,00","6,25","9,37","0,00","0,00","0,00","0,00","0,00","10,93","0,00","1,56","39,06","1,56","9,37","0,00","0,00","3,12","0,00","3,12","0,00"
586951,Brzkov,218,157,156,"14,74","0,00","0,00","3,20","0,00","0,64","7,05","1,92","0,00","0,64","0,00","0,00","5,76","0,00","2,56","32,05","0,00","23,07","0,00","0,00","0,00","0,00","7,69","0,64"
586978,Cejle,394,250,250,"9,60","0,00","0,00","5,20","0,00","3,20","6,40","3,60","0,80","1,20","0,00","0,00","11,20","0,00","3,20","34,80","0,40","3,60","0,00","0,40","0,00","0,40","15,20","0,80"
586986,Cerekvička-Rosice,135,96,96,"16,66","0,00","0,00","5,20","0,00","6,25","11,45","1,04","0,00","1,04","0,00","0,00","5,20","0,00","5,20","23,95","0,00","3,12","0,00","0,00","1,04","0,00","19,79","0,00"
587001,Černíč,102,60,60,"1,66","0,00","0,00","6,66","0,00","10,00","6,66","0,00","0,00","0,00","0,00","1,66","6,66","0,00","1,66","21,66","1,66","28,33","0,00","0,00","3,33","0,00","10,00","0,00"
587117,Čížov,224,153,153,"20,26","1,96","0,00","9,15","0,00","2,61","5,88","1,96","0,65","0,65","0,00","0,00","9,80","0,00","6,53","28,75","0,00","1,96","0,00","1,30","0,00","0,65","7,84","0,00"
587010,Dlouhá Brtnice,290,183,180,"8,33","0,55","0,00","3,33","0,00","9,44","12,22","1,66","0,55","3,33","0,00","0,00","6,66","0,00","1,11","31,66","0,55","8,88","0,00","0,55","0,55","0,00","10,55","0,00"
587028,Dobronín,1504,841,835,"6,94","0,11","0,00","4,55","0,00","2,87","8,86","2,27","1,55","1,91","0,11","0,00","10,77","0,11","2,03","34,49","0,47","6,70","0,23","0,47","0,71","0,35","14,13","0,23"
587036,Dobroutov,211,135,134,"14,17","0,00","0,00","3,73","0,00","3,73","5,22","0,74","1,49","0,00","0,00","0,00","15,67","0,74","2,98","23,88","0,00","17,16","0,00","0,00","0,00","0,00","8,95","1,49"
587044,Dolní Cerekev,1025,652,650,"7,38","0,15","0,00","6,15","0,00","5,23","9,23","1,53","0,92","1,69","0,00","0,00","11,69","0,00","3,38","34,76","0,30","5,23","0,00","1,07","0,61","0,61","9,53","0,46"
587061,Dolní Vilímeč,77,56,56,"3,57","0,00","0,00","1,78","0,00","5,35","5,35","0,00","0,00","0,00","0,00","0,00","7,14","0,00","3,57","39,28","0,00","19,64","0,00","0,00","0,00","3,57","7,14","3,57"
587079,Doupě,81,57,57,"1,75","0,00","0,00","8,77","0,00","7,01","5,26","1,75","1,75","0,00","0,00","0,00","10,52","0,00","5,26","19,29","0,00","10,52","0,00","0,00","1,75","0,00","26,31","0,00"
587087,Dudín,148,110,110,"4,54","0,00","0,00","16,36","0,00","3,63","7,27","0,00","0,00","0,00","0,00","0,00","7,27","0,90","3,63","32,72","1,81","6,36","0,90","1,81","0,00","0,00","10,00","2,72"
587095,Dušejov,367,238,237,"6,32","0,00","0,00","5,90","0,00","4,64","6,32","0,42","2,53","1,68","0,00","0,00","16,45","0,00","2,53","28,27","0,00","10,97","0,00","0,42","1,68","0,00","9,70","2,10"
506729,Dvorce,166,117,117,"10,25","0,00","0,00","5,12","0,00","1,70","14,52","0,00","0,85","0,85","0,00","0,00","10,25","0,00","3,41","27,35","0,00","3,41","0,00","0,00","0,00","0,00","21,36","0,85"
587109,Dyjice,115,81,81,"14,81","0,00","0,00","3,70","0,00","11,11","16,04","1,23","0,00","0,00","0,00","0,00","9,87","0,00","2,46","19,75","0,00","12,34","0,00","1,23","1,23","0,00","4,93","1,23"
587125,Hladov,152,98,98,"11,22","0,00","0,00","6,12","0,00","4,08","10,20","1,02","0,00","3,06","0,00","0,00","14,28","0,00","3,06","30,61","0,00","9,18","0,00","0,00","0,00","0,00","7,14","0,00"
587141,Hodice,617,397,393,"10,94","0,00","0,00","4,58","0,00","4,58","7,12","0,25","0,76","1,01","0,00","0,00","12,46","0,00","2,79","29,51","0,00","13,23","0,00","1,27","0,76","0,00","8,14","2,54"
587150,Hojkov,126,105,105,"12,38","0,00","0,00","11,42","0,00","2,85","7,61","1,90","0,95","0,95","0,00","0,00","14,28","0,00","2,85","35,23","0,00","2,85","0,00","2,85","0,00","0,00","3,80","0,00"
587168,Horní Dubenky,493,298,294,"6,12","0,00","0,00","12,24","0,34","3,40","17,34","1,36","2,04","2,04","0,00","0,34","12,24","0,00","2,38","26,53","0,68","3,06","0,00","1,02","1,02","1,02","6,80","0,00"
587206,Horní Myslová,65,45,45,"4,44","0,00","0,00","6,66","0,00","8,88","4,44","0,00","0,00","0,00","0,00","0,00","26,66","0,00","11,11","20,00","0,00","6,66","0,00","0,00","0,00","0,00","6,66","4,44"
587192,Hostětice,110,68,68,"14,70","0,00","0,00","7,35","0,00","4,41","13,23","2,94","0,00","0,00","0,00","0,00","5,88","0,00","2,94","27,94","0,00","5,88","0,00","0,00","0,00","1,47","11,76","1,47"
590681,Hrutov,70,49,49,"10,20","0,00","0,00","24,48","0,00","12,24","8,16","0,00","0,00","0,00","0,00","0,00","8,16","0,00","6,12","12,24","0,00","12,24","0,00","0,00","0,00","0,00","6,12","0,00"
587222,Hubenov,122,92,89,"14,60","0,00","0,00","6,74","0,00","3,37","13,48","0,00","0,00","2,24","0,00","0,00","7,86","0,00","10,11","26,96","1,12","4,49","0,00","3,37","0,00","1,12","4,49","0,00"
550281,Hybrálec,365,257,253,"11,46","0,39","0,00","4,74","0,00","5,53","3,95","3,16","2,37","0,79","0,00","0,00","11,46","0,00","6,32","32,80","0,00","4,74","0,00","0,00","0,79","0,00","10,67","0,79"
587249,Jamné,424,284,283,"6,71","0,35","0,00","6,71","0,00","2,47","16,60","1,41","1,41","0,70","0,00","0,00","13,42","0,00","5,30","21,55","0,35","12,72","0,00","0,70","0,70","0,00","8,48","0,35"
587265,Jersín,151,106,106,"7,54","0,00","0,00","10,37","0,00","5,66","6,60","0,00","0,00","0,94","0,00","0,00","6,60","0,00","1,88","27,35","0,00","6,60","0,00","1,88","0,00","0,00","23,58","0,94"
587273,Jezdovice,202,125,124,"4,03","0,00","0,00","14,51","0,00","4,83","9,67","0,00","0,00","1,61","0,00","0,00","8,87","0,00","3,22","26,61","0,00","14,51","0,00","0,80","0,00","0,80","10,48","0,00"
587281,Ježená,105,68,68,"8,82","0,00","0,00","0,00","0,00","1,47","14,70","2,94","0,00","1,47","0,00","0,00","7,35","0,00","4,41","42,64","0,00","0,00","0,00","1,47","0,00","0,00","14,70","0,00"
586846,Jihlava,40184,24352,24132,"11,89","0,10","0,07","8,15","0,07","3,02","7,67","1,92","0,58","2,09","0,07","0,09","10,86","0,08","5,35","28,25","0,19","5,61","0,03","0,80","0,21","0,23","12,19","0,34"
587290,Jihlávka,178,104,103,"7,76","0,00","0,00","13,59","0,00","1,94","8,73","0,00","0,00","1,94","0,00","0,00","2,91","0,00","0,97","37,86","0,97","7,76","0,00","0,97","0,00","0,00","14,56","0,00"
587303,Jindřichovice,83,62,62,"25,80","0,00","0,00","8,06","0,00","1,61","19,35","0,00","0,00","3,22","0,00","0,00","3,22","0,00","1,61","12,90","1,61","16,12","0,00","0,00","0,00","0,00","6,45","0,00"
587320,Kalhov,105,65,64,"9,37","0,00","0,00","17,18","0,00","1,56","14,06","0,00","1,56","3,12","0,00","0,00","10,93","0,00","1,56","21,87","0,00","10,93","0,00","1,56","0,00","0,00","6,25","0,00"
587338,Kaliště,138,97,97,"8,24","0,00","0,00","9,27","1,03","1,03","9,27","0,00","1,03","3,09","0,00","0,00","13,40","0,00","1,03","35,05","0,00","3,09","0,00","0,00","0,00","0,00","10,30","4,12"
587346,Kamenice,1515,1024,1019,"5,29","0,39","0,00","9,12","0,09","4,02","9,61","0,49","1,07","1,66","0,00","0,00","9,81","0,09","3,72","26,00","0,39","15,21","0,00","1,27","0,19","0,09","11,18","0,19"
587362,Kamenná,158,100,100,"5,00","0,00","0,00","11,00","1,00","1,00","16,00","2,00","0,00","0,00","0,00","0,00","6,00","0,00","1,00","32,00","0,00","4,00","0,00","0,00","0,00","1,00","20,00","0,00"
587371,Klatovec,63,50,50,"10,00","0,00","0,00","8,00","0,00","10,00","20,00","0,00","2,00","0,00","0,00","0,00","2,00","0,00","6,00","26,00","2,00","6,00","0,00","0,00","0,00","0,00","8,00","0,00"
590843,Kněžice,1116,657,651,"10,90","0,00","0,15","7,68","0,00","5,83","9,06","0,92","0,76","0,61","0,46","0,00","5,52","0,00","1,07","27,64","0,15","15,97","0,00","0,92","0,00","0,15","11,82","0,30"
587389,Knínice,153,106,106,"12,26","0,00","0,00","13,20","0,00","1,88","16,03","0,00","0,00","0,00","0,94","0,00","16,03","0,00","3,77","15,09","0,00","12,26","0,00","0,00","0,00","0,00","8,49","0,00"
587401,Kostelec,700,404,403,"5,95","0,00","0,00","6,45","0,24","1,98","10,66","2,23","0,49","1,73","0,00","0,00","10,17","0,00","4,21","36,97","0,00","3,97","0,00","1,24","0,74","0,00","11,16","1,73"
587419,Kostelní Myslová,49,35,35,"2,85","0,00","5,71","5,71","0,00","5,71","8,57","0,00","0,00","0,00","0,00","0,00","42,85","0,00","11,42","2,85","0,00","8,57","0,00","0,00","0,00","2,85","2,85","0,00"
587427,Kozlov,374,269,269,"15,61","0,00","0,00","10,78","0,37","2,97","8,55","0,00","0,74","1,11","0,37","0,00","5,20","0,00","1,48","26,39","1,48","10,40","0,00","0,74","0,74","0,37","10,78","1,85"
587435,Krahulčí,497,299,297,"10,43","0,00","0,00","3,03","0,00","8,08","9,42","0,67","1,68","1,68","0,00","0,00","9,09","0,00","3,03","35,69","0,00","4,37","0,00","0,33","0,00","0,00","11,78","0,67"
587443,Krasonice,168,109,109,"0,91","0,00","0,00","8,25","0,00","3,66","18,34","0,00","0,91","1,83","0,00","0,00","15,59","0,00","9,17","18,34","0,00","18,34","0,00","0,00","0,91","0,00","3,66","0,00"
587451,Lhotka,75,58,58,"13,79","0,00","0,00","15,51","0,00","3,44","1,72","1,72","0,00","0,00","0,00","0,00","5,17","0,00","1,72","27,58","0,00","13,79","0,00","3,44","0,00","1,72","10,34","0,00"
587478,Luka nad Jihlavou,2229,1453,1430,"9,30","0,06","0,00","9,72","0,13","1,74","7,41","2,30","1,39","0,97","0,06","0,20","9,23","0,20","3,91","23,42","0,13","13,56","0,00","0,97","0,41","0,13","13,56","1,04"
587486,Malý Beranov,504,355,352,"12,50","0,28","0,28","9,09","0,00","2,27","5,68","1,42","1,13","2,27","0,00","0,00","8,52","0,00","6,81","24,71","0,28","7,67","0,00","1,13","0,56","0,00","14,20","1,13"
587494,Markvartice,165,122,122,"9,01","0,00","0,00","9,01","0,00","1,63","6,55","0,00","1,63","0,00","0,00","0,00","4,91","0,00","1,63","39,34","0,00","13,11","0,81","0,00","1,63","0,00","10,65","0,00"
587508,Měšín,197,132,132,"14,39","0,00","0,00","6,06","0,75","0,75","8,33","1,51","0,75","0,75","0,00","0,00","3,78","0,00","4,54","32,57","0,75","3,78","0,00","5,30","0,00","1,51","14,39","0,00"
587524,Milíčov,113,75,74,"9,45","0,00","0,00","20,27","1,35","4,05","9,45","0,00","1,35","4,05","0,00","0,00","14,86","1,35","0,00","13,51","0,00","10,81","0,00","0,00","1,35","0,00","8,10","0,00"
587532,Mirošov,148,87,84,"7,14","0,00","0,00","4,76","0,00","3,57","17,85","1,19","0,00","7,14","0,00","0,00","10,71","0,00","1,19","20,23","0,00","10,71","0,00","0,00","0,00","0,00","15,47","0,00"
587541,Mrákotín,726,423,420,"7,14","0,00","0,71","5,47","0,00","3,33","11,90","0,47","0,95","0,23","0,47","0,00","8,33","0,00","2,61","31,66","0,00","14,04","0,00","0,23","0,23","0,47","11,19","0,47"
587559,Mysletice,104,72,71,"5,63","2,81","0,00","1,40","0,00","4,22","18,30","1,40","1,40","0,00","0,00","1,40","16,90","0,00","5,63","16,90","0,00","9,85","0,00","1,40","0,00","1,40","11,26","0,00"
587567,Mysliboř,160,99,99,"8,08","0,00","0,00","5,05","1,01","9,09","12,12","1,01","4,04","1,01","0,00","0,00","9,09","0,00","3,03","12,12","0,00","28,28","0,00","0,00","0,00","0,00","6,06","0,00"
587575,Nadějov,152,105,105,"1,90","0,00","0,00","8,57","0,00","0,00","7,61","0,00","0,95","0,95","0,00","0,00","6,66","0,95","0,00","37,14","0,00","26,66","0,00","0,00","0,00","0,95","5,71","1,90"
587583,Nevcehle,187,104,103,"8,73","0,00","0,00","12,62","0,00","8,73","8,73","2,91","0,97","0,00","0,00","0,00","7,76","0,00","0,97","23,30","0,00","10,67","0,00","0,97","0,00","0,00","13,59","0,00"
587591,Nová Říše,676,455,454,"6,38","0,00","0,22","7,70","0,00","5,72","9,25","0,44","2,42","0,88","0,00","0,00","14,53","0,00","1,76","19,82","0,22","17,62","0,00","0,44","0,22","0,00","12,11","0,22"
587613,Olšany,54,38,38,"21,05","0,00","0,00","0,00","0,00","0,00","5,26","2,63","0,00","0,00","0,00","0,00","2,63","0,00","2,63","10,52","2,63","50,00","0,00","0,00","0,00","0,00","2,63","0,00"
587214,Olší,56,46,46,"4,34","0,00","0,00","17,39","0,00","4,34","0,00","0,00","0,00","2,17","0,00","0,00","36,95","0,00","4,34","8,69","0,00","13,04","0,00","0,00","0,00","4,34","4,34","0,00"
587621,Opatov,170,112,112,"11,60","0,00","0,00","10,71","0,00","8,03","6,25","1,78","3,57","1,78","0,00","0,89","15,17","0,00","1,78","16,96","0,89","10,71","0,00","0,89","0,00","0,00","8,92","0,00"
587630,Ořechov,58,39,39,"2,56","0,00","0,00","15,38","0,00","7,69","5,12","0,00","0,00","0,00","0,00","0,00","20,51","0,00","2,56","23,07","0,00","10,25","0,00","0,00","0,00","2,56","10,25","0,00"
587648,Otín,73,48,48,"0,00","0,00","0,00","8,33","6,25","8,33","10,41","0,00","0,00","6,25","0,00","0,00","6,25","2,08","0,00","12,50","0,00","12,50","0,00","0,00","0,00","0,00","22,91","4,16"
587656,Panenská Rozsíčka,111,84,84,"15,47","0,00","0,00","8,33","0,00","3,57","2,38","3,57","1,19","0,00","0,00","0,00","3,57","0,00","4,76","22,61","0,00","19,04","0,00","0,00","0,00","0,00","11,90","3,57"
587672,Panské Dubenky,99,64,64,"0,00","0,00","0,00","18,75","0,00","4,68","25,00","1,56","1,56","0,00","0,00","0,00","4,68","0,00","3,12","21,87","0,00","1,56","0,00","3,12","0,00","0,00","14,06","0,00"
587681,Pavlov,356,224,223,"14,79","0,00","0,44","13,00","0,00","2,24","11,21","1,34","0,00","1,34","0,00","0,00","5,82","0,00","3,58","22,42","0,00","8,96","0,00","0,89","0,44","0,00","13,00","0,44"
587702,Plandry,159,112,110,"19,09","0,00","0,00","7,27","0,00","3,63","9,09","1,81","2,72","0,90","0,00","0,00","10,00","0,00","3,63","11,81","4,54","5,45","0,00","0,90","0,00","0,90","17,27","0,90"
587711,Polná,4054,2598,2586,"9,31","0,23","0,00","8,70","0,11","3,44","8,70","1,58","0,61","1,35","0,11","0,27","10,47","0,23","4,02","28,22","0,27","8,08","0,00","0,58","0,11","0,19","12,64","0,69"
587745,Puklice,672,392,391,"9,46","0,25","0,00","9,71","0,00","2,30","8,95","3,06","1,53","1,53","0,51","0,25","6,39","0,00","1,53","28,38","0,00","7,16","0,00","0,51","0,51","1,27","15,60","1,02"
587761,Radkov,207,128,127,"5,51","0,00","0,00","1,57","1,57","2,36","4,72","2,36","1,57","0,78","3,14","0,78","21,25","0,00","1,57","23,62","0,00","18,11","0,00","0,78","0,78","0,00","9,44","0,00"
587176,Rančířov,314,221,221,"10,85","0,00","0,00","4,97","0,45","3,61","2,71","0,45","2,26","1,35","0,45","0,00","15,83","0,45","10,40","29,86","0,90","3,16","0,00","1,80","0,00","0,45","9,50","0,45"
587788,Rantířov,352,249,248,"13,70","0,00","0,00","9,27","0,00","3,22","4,43","1,61","0,40","1,61","0,40","0,00","8,06","0,00","12,50","25,00","0,00","4,83","0,00","0,40","0,00","0,40","13,30","0,80"
587796,Rohozná,313,238,237,"8,43","0,00","0,00","10,12","0,00","2,53","18,14","4,21","0,84","0,42","0,00","0,00","8,43","0,00","2,53","29,53","0,00","3,37","0,00","0,00","0,42","0,42","10,54","0,00"
587800,Rozseč,149,94,92,"13,04","0,00","0,00","5,43","0,00","4,34","14,13","1,08","1,08","0,00","0,00","0,00","4,34","0,00","8,69","7,60","1,08","22,82","0,00","0,00","0,00","0,00","14,13","2,17"
587818,Růžená,279,194,194,"8,24","0,00","1,03","7,73","0,00","7,21","2,57","0,51","0,51","0,00","0,00","0,00","10,82","0,00","1,54","30,92","0,00","20,61","0,00","1,54","0,00","0,00","6,70","0,00"
587826,Rybné,93,63,63,"11,11","0,00","0,00","15,87","0,00","4,76","4,76","1,58","0,00","1,58","0,00","0,00","1,58","0,00","7,93","22,22","0,00","12,69","0,00","0,00","0,00","1,58","14,28","0,00"
587834,Řásná,198,140,137,"12,40","0,00","0,00","5,83","0,00","7,29","2,91","3,64","1,45","0,00","0,00","0,00","16,78","0,00","3,64","32,11","0,00","7,29","0,00","0,72","0,00","0,00","5,83","0,00"
587851,Řídelov,77,56,56,"8,92","0,00","0,00","1,78","0,00","8,92","16,07","0,00","0,00","0,00","8,92","0,00","14,28","0,00","1,78","12,50","0,00","7,14","0,00","1,78","0,00","0,00","17,85","0,00"
587877,Sedlatice,47,35,35,"0,00","0,00","0,00","11,42","0,00","2,85","11,42","0,00","2,85","0,00","0,00","0,00","8,57","0,00","2,85","5,71","0,00","42,85","0,00","0,00","2,85","0,00","8,57","0,00"
587885,Sedlejov,246,172,172,"6,39","0,00","0,00","8,13","0,00","9,88","11,04","0,58","0,00","0,58","0,00","0,00","13,37","0,58","4,06","21,51","0,00","18,02","0,00","0,00","0,00","0,00","5,81","0,00"
550299,Smrčná,311,190,189,"12,69","1,05","0,00","4,76","0,00","6,34","10,05","0,00","1,05","1,58","0,00","0,00","14,81","0,00","0,52","37,03","0,52","2,64","0,00","0,52","0,00","1,05","3,70","1,58"
587915,Stáj,138,93,93,"7,52","1,07","0,00","7,52","0,00","3,22","9,67","2,15","0,00","3,22","0,00","0,00","7,52","1,07","1,07","18,27","0,00","31,18","0,00","0,00","0,00","0,00","6,45","0,00"
587923,Stará Říše,503,294,294,"10,88","0,00","0,00","8,16","0,34","6,12","11,22","0,34","0,68","0,34","0,00","0,00","8,84","0,00","0,68","19,38","0,00","20,74","0,00","0,68","0,00","0,00","11,22","0,34"
587931,Stonařov,830,515,512,"9,57","0,00","0,19","7,03","0,39","2,92","10,93","0,58","1,36","4,88","0,00","0,19","7,61","0,39","1,95","30,27","0,00","7,42","0,00","1,17","0,19","0,00","12,89","0,00"
587940,Strachoňovice,66,40,40,"7,50","0,00","0,00","5,00","0,00","2,50","15,00","0,00","0,00","7,50","0,00","0,00","12,50","0,00","2,50","17,50","0,00","20,00","0,00","0,00","0,00","0,00","10,00","0,00"
587958,Střítež,330,218,217,"5,99","0,00","0,00","10,59","0,46","4,14","9,21","1,38","0,46","0,00","0,00","0,00","5,06","0,00","4,60","39,17","0,46","3,68","0,46","1,38","0,00","0,00","11,98","0,92"
587982,Suchá,208,123,122,"2,45","0,00","0,81","12,29","0,00","2,45","9,83","2,45","0,81","0,81","0,00","0,00","11,47","0,00","1,63","36,88","0,00","3,27","0,00","1,63","1,63","0,00","11,47","0,00"
587991,Svojkovice,44,30,29,"6,89","0,00","0,00","6,89","0,00","6,89","17,24","10,34","3,44","0,00","3,44","0,00","13,79","0,00","0,00","6,89","0,00","6,89","0,00","0,00","0,00","0,00","17,24","0,00"
588008,Šimanov,170,107,106,"1,88","0,00","0,00","13,20","0,00","2,83","15,09","0,00","0,94","2,83","0,94","0,00","12,26","0,00","0,94","28,30","0,00","2,83","0,00","0,94","0,00","0,00","16,98","0,00"
547255,Švábov,61,53,53,"1,88","0,00","0,00","3,77","0,00","5,66","11,32","3,77","0,00","1,88","0,00","0,00","9,43","0,00","3,77","30,18","0,00","15,09","0,00","0,00","0,00","0,00","13,20","0,00"
588024,Telč,4514,2790,2784,"12,28","0,00","0,03","6,57","0,10","6,50","8,33","2,01","0,57","0,64","0,10","0,03","11,60","0,10","5,20","22,98","0,07","12,35","0,00","0,35","0,28","0,10","9,12","0,57"
588032,Třešť,4704,3015,2999,"9,06","0,13","0,10","7,56","0,10","3,63","8,63","1,10","0,66","1,10","0,03","0,13","9,33","0,00","3,20","25,74","0,36","17,73","0,00","0,46","0,20","0,26","10,03","0,36"
588041,Třeštice,112,90,89,"5,61","0,00","0,00","10,11","0,00","5,61","19,10","3,37","0,00","3,37","0,00","0,00","7,86","0,00","1,12","16,85","1,12","16,85","0,00","1,12","0,00","0,00","7,86","0,00"
588067,Urbanov,107,87,87,"10,34","0,00","0,00","10,34","0,00","8,04","2,29","3,44","2,29","2,29","0,00","0,00","11,49","0,00","6,89","9,19","0,00","27,58","0,00","0,00","1,14","0,00","4,59","0,00"
588075,Ústí,180,117,116,"6,89","0,00","0,00","6,89","0,00","5,17","12,93","0,86","0,00","1,72","0,00","0,86","6,03","0,00","4,31","42,24","0,00","1,72","0,00","4,31","0,00","0,00","6,03","0,00"
588083,Vanov,72,52,52,"11,53","0,00","0,00","9,61","0,00","3,84","11,53","0,00","0,00","0,00","0,00","0,00","15,38","0,00","1,92","23,07","0,00","11,53","0,00","0,00","0,00","1,92","5,76","3,84"
588091,Vanůvek,30,26,25,"20,00","0,00","0,00","8,00","0,00","8,00","12,00","8,00","0,00","8,00","0,00","0,00","8,00","0,00","4,00","8,00","4,00","0,00","0,00","0,00","0,00","0,00","12,00","0,00"
588105,Vápovice,33,22,22,"9,09","0,00","0,00","18,18","0,00","4,54","9,09","0,00","0,00","0,00","0,00","0,00","0,00","0,00","0,00","9,09","0,00","40,90","0,00","0,00","0,00","0,00","9,09","0,00"
588113,Velký Beranov,1060,756,751,"11,71","0,26","0,13","5,45","0,13","3,19","7,05","2,39","1,06","1,99","0,13","0,39","12,51","0,00","5,59","31,15","0,13","7,05","0,00","0,66","0,00","0,39","7,32","1,19"
588121,Větrný Jeníkov,487,333,332,"17,16","0,00","0,00","6,92","0,00","3,01","10,24","1,80","0,60","0,30","0,00","0,60","10,54","0,00","2,71","28,61","0,30","3,91","0,00","0,00","0,30","0,00","12,65","0,30"
588130,Věžnice,132,91,89,"11,23","0,00","0,00","8,98","0,00","5,61","15,73","3,37","0,00","0,00","0,00","0,00","8,98","1,12","1,12","21,34","0,00","10,11","0,00","0,00","0,00","0,00","12,35","0,00"
588148,Věžnička,102,70,69,"4,34","0,00","0,00","7,24","0,00","5,79","2,89","2,89","4,34","2,89","0,00","0,00","23,18","0,00","4,34","21,73","0,00","10,14","0,00","2,89","0,00","0,00","7,24","0,00"
588156,Vílanec,267,173,173,"8,67","0,57","0,00","2,31","0,00","5,20","7,51","0,00","1,15","0,57","0,00","0,00","12,71","0,00","4,04","28,32","0,00","5,20","0,00","2,31","0,57","0,00","20,80","0,00"
588164,Volevčice,52,41,41,"9,75","2,43","0,00","7,31","0,00","12,19","2,43","0,00","2,43","0,00","0,00","0,00","4,87","0,00","0,00","41,46","0,00","4,87","0,00","0,00","0,00","0,00","9,75","2,43"
588172,Vyskytná nad Jihlavou,692,459,456,"10,74","0,00","0,00","7,45","0,00","3,50","7,89","0,87","1,31","2,19","0,00","1,09","12,50","0,00","5,70","32,23","0,00","3,28","0,00","0,00","0,00","0,00","9,86","1,31"
588181,Vysoké Studnice,327,242,242,"6,19","0,00","0,00","7,85","0,00","4,54","8,26","1,23","4,54","4,13","0,41","0,00","12,39","0,41","2,47","27,27","0,82","10,74","0,00","0,00","0,82","0,41","7,43","0,00"
588199,Vystrčenovice,93,61,61,"19,67","0,00","0,00","8,19","0,00","6,55","4,91","1,63","1,63","0,00","0,00","0,00","1,63","0,00","8,19","18,03","0,00","24,59","0,00","0,00","0,00","0,00","4,91","0,00"
588202,Záborná,201,141,140,"6,42","0,00","0,00","6,42","0,00","5,00","13,57","2,85","2,85","0,71","0,00","0,71","6,42","0,71","0,71","20,00","0,00","20,00","0,71","1,42","0,00","0,00","10,71","0,71"
587231,Zadní Vydří,42,27,27,"3,70","3,70","0,00","11,11","0,00","0,00","3,70","0,00","0,00","0,00","0,00","0,00","7,40","0,00","7,40","14,81","0,00","44,44","0,00","3,70","0,00","0,00","0,00","0,00"
588211,Zbilidy,160,131,130,"8,46","0,00","0,00","12,30","0,76","1,53","13,84","0,76","0,76","5,38","1,53","0,00","8,46","0,76","1,53","23,07","0,76","6,15","0,00","2,30","0,00","0,00","11,53","0,00"
588229,Zbinohy,61,39,38,"0,00","5,26","0,00","5,26","0,00","2,63","18,42","0,00","0,00","0,00","0,00","0,00","7,89","0,00","5,26","26,31","0,00","0,00","0,00","0,00","0,00","0,00","28,94","0,00"
588245,Zdeňkov,49,32,32,"0,00","0,00","0,00","0,00","0,00","6,25","25,00","0,00","0,00","0,00","0,00","0,00","0,00","0,00","0,00","15,62","0,00","40,62","0,00","0,00","0,00","0,00","9,37","3,12"
588253,Zhoř,347,243,242,"6,19","0,00","0,00","6,19","0,41","5,78","7,85","2,06","0,82","2,06","0,00","0,00","14,04","0,00","2,06","23,14","0,41","20,24","0,41","0,41","0,00","0,00","6,19","1,65"
588261,Zvolenovice,74,58,57,"19,29","0,00","0,00","5,26","0,00","10,52","3,50","1,75","0,00","0,00","0,00","0,00","22,80","0,00","3,50","8,77","0,00","19,29","0,00","0,00","0,00","0,00","5,26","0,00"
588270,Žatec,95,65,65,"12,30","0,00","0,00","3,07","0,00","1,53","9,23","0,00","0,00","0,00","0,00","0,00","13,84","0,00","0,00","24,61","0,00","27,69","0,00","0,00","0,00","0,00","6,15","1,53"
588288,Ždírec,371,234,234,"13,67","0,42","0,85","4,70","0,42","1,28","9,40","0,85","1,70","0,85","0,42","0,00","12,39","0,00","2,99","25,21","0,85","9,40","0,42","1,70","0,85","0,85","10,68","0,00"
